{
	"/usr/libexec/configureLocalKDC":["19f6e328d0286ad7f81ee8224e369726"],
	"/usr/libexec/locate.updatedb":["e8cc729ae05233c414eb0c672d836fc1"],
	"/usr/libexec/ntpd-wrapper":["baf0968c6df24734e079baeb01851221"],
    "/usr/libexec/postfix/check-aliases.sh":["ff8fb1f04e944737d2cd15e410f6de06"],
    "/Library/Spotlight/Microsoft Office.mdimporter/Contents/MacOS/Microsoft Office":["d9a23fc4585c30448bccf46213c26028"],
    "/usr/libexec/gkreport":["a9355083f340d5a1f72127f8d1f08e44", "24482cf8b7be865582ad10e0bf0b6a8e"],
    "/etc/periodic/daily/110.clean-tmps":["3f4a4eb220706b891260f1e22dff34d5"],
    "/etc/periodic/daily/130.clean-msgs":["f6367dd6876c2a06a5d6728d80ea19c3"],
    "/etc/periodic/daily/140.clean-rwho":["aecff6f0a6eb42bf5de8bcb6cd42276e"],
    "/etc/periodic/daily/199.clean-fax":["eed6196746a0163429d2e82948a6e6b9"],
    "/etc/periodic/daily/310.accounting":["a5a3a7fe42f1fefe8519f1b964487b15"],
    "/etc/periodic/daily/400.status-disks":["b1a3c1672198511b82708c90a824af07"],
    "/etc/periodic/daily/420.status-network":["37a7cf005e69d02bfe9f5c42ad536560"],
    "/etc/periodic/daily/430.status-rwho":["6f95783dafa59bab982827bdb8b865d9"],
    "/etc/periodic/daily/999.local":["0516c2cbf1255d9547da29cdd78a5d88"],
    "/etc/periodic/weekly/320.whatis":["203fb58bd70bbd788d5d05ba62f14bc3"],
    "/etc/periodic/weekly/999.local":["c53d2a36e6b70a5e6e22508d9b50a85a"],
    "/etc/periodic/monthly/199.rotate-fax":["4984ab80ac4b1d13eb5d265eb30d8193"],
    "/etc/periodic/monthly/200.accounting":["84b8f6b0fa02fbf8fce92f1be7912dad"],
    "/etc/periodic/monthly/999.local":["c63e8e9d3ac93dd923dc9555f0237d17"],
    "/etc/defaults/periodic.conf":["7beb8971f053949f6f1681a9d5204028", "62842e4978d878da44697ba81eac797c"],
    "/etc/rc.common":["5db454651210bcb920c010f8149d118c", "9c3ea0b6d054087fecd2013d875c336b", "28ce428faefe6168618867f3ff5527f9"]
}
