{
	"/Library/Extensions/HighPointIOP.kext/Contents/MacOS/HighPointIOP":["Developer ID Application: HighPoint Technologies, Inc (DX6G69M9N2)"],
	"/Library/Extensions/PromiseSTEX.kext/Contents/MacOS/PromiseSTEX":["Developer ID Application: Promise Technology Mobile Apps (268CCUR4WN)"],
    "/System/Library/Extensions/PromiseSTEX.kext/Contents/MacOS/PromiseSTEX":["Developer ID Application: Promise Technology Mobile Apps (268CCUR4WN)"],
	"/Library/Extensions/ATTOCelerityFC8.kext/Contents/MacOS/ATTOCelerityFC8":["Developer ID Application: ATTO Technology, Inc. (FC94733TZD)"],
	"/Library/Extensions/HighPointRR.kext/Contents/MacOS/HighPointRR":["Developer ID Application: HighPoint Technologies, Inc (DX6G69M9N2)"],
	"/Library/Extensions/CalDigitHDProDrv.kext/Contents/MacOS/CalDigitHDProDrv":["Developer ID Application: CalDigit, Inc (8R7PS6VYW7)"],
	"/Library/Extensions/SoftRAID.kext/Contents/MacOS/SoftRAID":["Developer ID Application: SoftRAID LLC (NDGSU3WA4Y)", "Developer ID Application: Other World Computing (Q9P8K45M5C)"],
    "/Library/Extensions/ATTOExpressSASHBA2.kext/Contents/MacOS/ATTOExpressSASHBA2":["Developer ID Application: ATTO Technology, Inc. (FC94733TZD)"],
	"/Library/Extensions/ArcMSR.kext/Contents/MacOS/ArcMSR":["Developer ID Application: Areca Technology Corporation (34JN824YNC)"],
    "/System/Library/Extensions/ArcMSR.kext/Contents/MacOS/ArcMSR":["Developer ID Application: Areca Technology Corporation (34JN824YNC)"],
	"/Library/Extensions/ATTOExpressSASRAID2.kext/Contents/MacOS/ATTOExpressSASRAID2":["Developer ID Application: ATTO Technology, Inc. (FC94733TZD)"],
    "/Library/Extensions/ACS6x.kext/Contents/MacOS/ACS6x":["Developer ID Application: Accusys,Inc (K3TDMD9Y6B)"],
	"/System/Library/Extensions/Accusys6xxxx.kext/Contents/MacOS/Accusys6xxxx":["b02c769f3b6635e307b551462a48107d"],
    "/System/Library/Extensions/AppleBacklightExpert.kext/AppleBacklightExpert":["6501354452b48465dea904e27fe8c5f9", "8854000a050f4bbadd36db2b8118ffa1", "678c0efdde7c4a90e5e5b76855c9ee85"],
    "/System/Library/Extensions/ArcMSR.kext/Contents/MacOS/ArcMSR":["c57237576ff817b13246296ec786cce2"],
	"/System/Library/Extensions/ATTOCelerityFC.kext/Contents/MacOS/ATTOCelerityFC":["c061f1786d1e9b07846c1bfa1a906190"],
    "/System/Library/Extensions/ATTOCelerityFC8.kext/Contents/MacOS/ATTOCelerityFC8":["bbf4c3a42934c36d8ae804c7c7386547"],
	"/System/Library/Extensions/ATTOExpressPCI4.kext/Contents/MacOS/ATTOExpressPCI4":["433e4f9488d90020e480c56893c8a80f"],
	"/System/Library/Extensions/ATTOExpressSASHBA.kext/Contents/MacOS/ATTOExpressSASHBA":["4d5ef99ed9d52e8a0550b8a91c6a9aca"],
    "/System/Library/Extensions/ATTOExpressSASHBA2.kext/Contents/MacOS/ATTOExpressSASHBA2":["e440639d53144ccb09d9796e675169f9"],
	"/System/Library/Extensions/ATTOExpressSASHBA3.kext/Contents/MacOS/ATTOExpressSASHBA3":["864aed4dd2f45fbc39a95fec1efb47db"],
	"/System/Library/Extensions/ATTOExpressSASRAID.kext/Contents/MacOS/ATTOExpressSASRAID":["e68c0f60ca8e10bbd241ce1335a3dca8"],
    "/System/Library/Extensions/ATTOExpressSASRAID2.kext/Contents/MacOS/ATTOExpressSASRAID2":["ed974b9a9e41b01d648f64bec5959b46"],
    "/System/Library/Extensions/AudioAUUC.kext/AudioAUUC":["6e02093ece9dc275a30ecd3417b1b016", "a785d5ccef1991009af1d4d25a0373c2", "020e254d626ea0eb8432880314bdffda"],
    "/System/Library/Extensions/CalDigitHDProDrv.kext/Contents/MacOS/CalDigitHDProDrv":["a53366611eed8c2cb2cf12b79f893ee3"],
    "/System/Library/Extensions/CoreStorage.kext/Contents/MacOS/CoreStorage":["7ffecdf00647495170b05bb64bc0ca26"],
    "/System/Library/Extensions/IOGraphicsFamily.kext/IOGraphicsFamily":["e037d3730c01962ebcd4bba09d69679c", "6c16ebd149ac177978393ee98ff84c2d", "68941445971cf95576ff28831c423d04"],
    "/System/Library/Extensions/IONDRVSupport.kext/IONDRVSupport":["013c73074d7993cba3e230b5511cd901", "f470a6cacf052cbe469dc400973511d2", "6688610c05329bfc4909b4bc21230d6d"],
    "/System/Library/Extensions/IOPCIFamily.kext/IOPCIFamily":["6a9d57017a18fc470d323547d1ab86e4", "562be2c6d9d55b3ad2d8ee00e9da4ca6", "a899be1ccbe7cdc6fb54f92f7aa09dc3"],
    "/System/Library/Extensions/HighPointIOP.kext/Contents/MacOS/HighPointIOP":["64e3e122c1f0d24fd0b225c18f44440d"],
    "/System/Library/Extensions/HighPointRR.kext/Contents/MacOS/HighPointRR":["316bb5757bbe7ef70044f85717ff97df"],
	"/System/Library/Extensions/JMicronATA.kext/Contents/MacOS/JMicronATA":["9c8207d44446861a5b40e2ac4c6f5dba"],
    "/System/Library/Extensions/PromiseSTEX.kext/Contents/MacOS/PromiseSTEX":["1cd38bebacdc6ba85a86a8b65474b8b5"],
    "/System/Library/Extensions/SoftRAID.kext/Contents/MacOS/SoftRAID":["18bfb361ae05cff7f2a2310d685a44fc"],
    "/System/Library/Extensions/webdav_fs.kext/Contents/MacOS/webdav_fs":["6b9068594520afce60dcf99262d1af12"]
}
